backstory,block_size,bonus_rate,color_cue,condition,counter,cue_colors,cue_counter,cue_within,fixed_blocks,players,show_feedback,wall_cue,pid
giveaway,12,0,background,13,1,"{'miss': '#E3B643', 'hit': '#4C4FE1', 'neutral': '#53BA42'}",0,True,False,"{'miss': ""<span style='color: #E3B643'><b>Player Y</b></span>"", 'hit': ""<span style='color: #4C4FE1'><b>Player B</b></span>"", 'neutral': ""<span style='color: #53BA42'><b>Player G</b></span>""}",True,False,0
giveaway,12,0,background,17,1,"{'miss': '#53BA42', 'hit': '#E3B643', 'neutral': '#4C4FE1'}",2,True,False,"{'miss': ""<span style='color: #53BA42'><b>Player G</b></span>"", 'hit': ""<span style='color: #E3B643'><b>Player Y</b></span>"", 'neutral': ""<span style='color: #4C4FE1'><b>Player B</b></span>""}",True,False,1
giveaway,12,0,background,10,0,"{'miss': '#53BA42', 'hit': '#E3B643', 'neutral': '#4C4FE1'}",2,True,False,"{'miss': ""<span style='color: #53BA42'><b>Player G</b></span>"", 'hit': ""<span style='color: #E3B643'><b>Player Y</b></span>"", 'neutral': ""<span style='color: #4C4FE1'><b>Player B</b></span>""}",False,False,2
giveaway,12,0,background,7,0,"{'miss': '#E3B643', 'hit': '#4C4FE1', 'neutral': '#53BA42'}",0,True,False,"{'miss': ""<span style='color: #E3B643'><b>Player Y</b></span>"", 'hit': ""<span style='color: #4C4FE1'><b>Player B</b></span>"", 'neutral': ""<span style='color: #53BA42'><b>Player G</b></span>""}",True,False,3
giveaway,12,0,background,23,1,"{'miss': '#53BA42', 'hit': '#E3B643', 'neutral': '#4C4FE1'}",2,True,False,"{'miss': ""<span style='color: #53BA42'><b>Player G</b></span>"", 'hit': ""<span style='color: #E3B643'><b>Player Y</b></span>"", 'neutral': ""<span style='color: #4C4FE1'><b>Player B</b></span>""}",True,False,4
giveaway,12,0,background,11,0,"{'miss': '#53BA42', 'hit': '#E3B643', 'neutral': '#4C4FE1'}",2,True,False,"{'miss': ""<span style='color: #53BA42'><b>Player G</b></span>"", 'hit': ""<span style='color: #E3B643'><b>Player Y</b></span>"", 'neutral': ""<span style='color: #4C4FE1'><b>Player B</b></span>""}",True,False,5
giveaway,12,0,background,16,1,"{'miss': '#53BA42', 'hit': '#E3B643', 'neutral': '#4C4FE1'}",2,True,False,"{'miss': ""<span style='color: #53BA42'><b>Player G</b></span>"", 'hit': ""<span style='color: #E3B643'><b>Player Y</b></span>"", 'neutral': ""<span style='color: #4C4FE1'><b>Player B</b></span>""}",False,False,6
giveaway,12,0,background,4,0,"{'miss': '#53BA42', 'hit': '#E3B643', 'neutral': '#4C4FE1'}",2,True,False,"{'miss': ""<span style='color: #53BA42'><b>Player G</b></span>"", 'hit': ""<span style='color: #E3B643'><b>Player Y</b></span>"", 'neutral': ""<span style='color: #4C4FE1'><b>Player B</b></span>""}",False,False,7
giveaway,12,0,background,8,0,"{'miss': '#4C4FE1', 'hit': '#53BA42', 'neutral': '#E3B643'}",1,True,False,"{'miss': ""<span style='color: #4C4FE1'><b>Player B</b></span>"", 'hit': ""<span style='color: #53BA42'><b>Player G</b></span>"", 'neutral': ""<span style='color: #E3B643'><b>Player Y</b></span>""}",False,False,8
giveaway,12,0,background,3,0,"{'miss': '#4C4FE1', 'hit': '#53BA42', 'neutral': '#E3B643'}",1,True,False,"{'miss': ""<span style='color: #4C4FE1'><b>Player B</b></span>"", 'hit': ""<span style='color: #53BA42'><b>Player G</b></span>"", 'neutral': ""<span style='color: #E3B643'><b>Player Y</b></span>""}",True,False,9
giveaway,12,0,background,7,0,"{'miss': '#E3B643', 'hit': '#4C4FE1', 'neutral': '#53BA42'}",0,True,False,"{'miss': ""<span style='color: #E3B643'><b>Player Y</b></span>"", 'hit': ""<span style='color: #4C4FE1'><b>Player B</b></span>"", 'neutral': ""<span style='color: #53BA42'><b>Player G</b></span>""}",True,False,10
giveaway,12,0,background,0,0,"{'miss': '#E3B643', 'hit': '#4C4FE1', 'neutral': '#53BA42'}",0,True,False,"{'miss': ""<span style='color: #E3B643'><b>Player Y</b></span>"", 'hit': ""<span style='color: #4C4FE1'><b>Player B</b></span>"", 'neutral': ""<span style='color: #53BA42'><b>Player G</b></span>""}",False,False,11
giveaway,12,0,background,19,1,"{'miss': '#E3B643', 'hit': '#4C4FE1', 'neutral': '#53BA42'}",0,True,False,"{'miss': ""<span style='color: #E3B643'><b>Player Y</b></span>"", 'hit': ""<span style='color: #4C4FE1'><b>Player B</b></span>"", 'neutral': ""<span style='color: #53BA42'><b>Player G</b></span>""}",True,False,12
giveaway,12,0,background,4,0,"{'miss': '#53BA42', 'hit': '#E3B643', 'neutral': '#4C4FE1'}",2,True,False,"{'miss': ""<span style='color: #53BA42'><b>Player G</b></span>"", 'hit': ""<span style='color: #E3B643'><b>Player Y</b></span>"", 'neutral': ""<span style='color: #4C4FE1'><b>Player B</b></span>""}",False,False,13
giveaway,12,0,background,12,1,"{'miss': '#E3B643', 'hit': '#4C4FE1', 'neutral': '#53BA42'}",0,True,False,"{'miss': ""<span style='color: #E3B643'><b>Player Y</b></span>"", 'hit': ""<span style='color: #4C4FE1'><b>Player B</b></span>"", 'neutral': ""<span style='color: #53BA42'><b>Player G</b></span>""}",False,False,14
giveaway,12,0,background,11,0,"{'miss': '#53BA42', 'hit': '#E3B643', 'neutral': '#4C4FE1'}",2,True,False,"{'miss': ""<span style='color: #53BA42'><b>Player G</b></span>"", 'hit': ""<span style='color: #E3B643'><b>Player Y</b></span>"", 'neutral': ""<span style='color: #4C4FE1'><b>Player B</b></span>""}",True,False,15
giveaway,12,0,background,5,0,"{'miss': '#53BA42', 'hit': '#E3B643', 'neutral': '#4C4FE1'}",2,True,False,"{'miss': ""<span style='color: #53BA42'><b>Player G</b></span>"", 'hit': ""<span style='color: #E3B643'><b>Player Y</b></span>"", 'neutral': ""<span style='color: #4C4FE1'><b>Player B</b></span>""}",True,False,16
giveaway,12,0,background,13,1,"{'miss': '#E3B643', 'hit': '#4C4FE1', 'neutral': '#53BA42'}",0,True,False,"{'miss': ""<span style='color: #E3B643'><b>Player Y</b></span>"", 'hit': ""<span style='color: #4C4FE1'><b>Player B</b></span>"", 'neutral': ""<span style='color: #53BA42'><b>Player G</b></span>""}",True,False,17
giveaway,12,0,background,22,1,"{'miss': '#53BA42', 'hit': '#E3B643', 'neutral': '#4C4FE1'}",2,True,False,"{'miss': ""<span style='color: #53BA42'><b>Player G</b></span>"", 'hit': ""<span style='color: #E3B643'><b>Player Y</b></span>"", 'neutral': ""<span style='color: #4C4FE1'><b>Player B</b></span>""}",False,False,18
giveaway,12,0,background,6,0,"{'miss': '#E3B643', 'hit': '#4C4FE1', 'neutral': '#53BA42'}",0,True,False,"{'miss': ""<span style='color: #E3B643'><b>Player Y</b></span>"", 'hit': ""<span style='color: #4C4FE1'><b>Player B</b></span>"", 'neutral': ""<span style='color: #53BA42'><b>Player G</b></span>""}",False,False,19
giveaway,12,0,background,7,0,"{'miss': '#E3B643', 'hit': '#4C4FE1', 'neutral': '#53BA42'}",0,True,False,"{'miss': ""<span style='color: #E3B643'><b>Player Y</b></span>"", 'hit': ""<span style='color: #4C4FE1'><b>Player B</b></span>"", 'neutral': ""<span style='color: #53BA42'><b>Player G</b></span>""}",True,False,20
giveaway,12,0,background,17,1,"{'miss': '#53BA42', 'hit': '#E3B643', 'neutral': '#4C4FE1'}",2,True,False,"{'miss': ""<span style='color: #53BA42'><b>Player G</b></span>"", 'hit': ""<span style='color: #E3B643'><b>Player Y</b></span>"", 'neutral': ""<span style='color: #4C4FE1'><b>Player B</b></span>""}",True,False,21
giveaway,12,0,background,18,1,"{'miss': '#E3B643', 'hit': '#4C4FE1', 'neutral': '#53BA42'}",0,True,False,"{'miss': ""<span style='color: #E3B643'><b>Player Y</b></span>"", 'hit': ""<span style='color: #4C4FE1'><b>Player B</b></span>"", 'neutral': ""<span style='color: #53BA42'><b>Player G</b></span>""}",False,False,22
giveaway,12,0,background,14,1,"{'miss': '#4C4FE1', 'hit': '#53BA42', 'neutral': '#E3B643'}",1,True,False,"{'miss': ""<span style='color: #4C4FE1'><b>Player B</b></span>"", 'hit': ""<span style='color: #53BA42'><b>Player G</b></span>"", 'neutral': ""<span style='color: #E3B643'><b>Player Y</b></span>""}",False,False,23
giveaway,12,0,background,7,0,"{'miss': '#E3B643', 'hit': '#4C4FE1', 'neutral': '#53BA42'}",0,True,False,"{'miss': ""<span style='color: #E3B643'><b>Player Y</b></span>"", 'hit': ""<span style='color: #4C4FE1'><b>Player B</b></span>"", 'neutral': ""<span style='color: #53BA42'><b>Player G</b></span>""}",True,False,24
giveaway,12,0,background,15,1,"{'miss': '#4C4FE1', 'hit': '#53BA42', 'neutral': '#E3B643'}",1,True,False,"{'miss': ""<span style='color: #4C4FE1'><b>Player B</b></span>"", 'hit': ""<span style='color: #53BA42'><b>Player G</b></span>"", 'neutral': ""<span style='color: #E3B643'><b>Player Y</b></span>""}",True,False,25
giveaway,12,0,background,11,0,"{'miss': '#53BA42', 'hit': '#E3B643', 'neutral': '#4C4FE1'}",2,True,False,"{'miss': ""<span style='color: #53BA42'><b>Player G</b></span>"", 'hit': ""<span style='color: #E3B643'><b>Player Y</b></span>"", 'neutral': ""<span style='color: #4C4FE1'><b>Player B</b></span>""}",True,False,26
giveaway,12,0,background,20,1,"{'miss': '#4C4FE1', 'hit': '#53BA42', 'neutral': '#E3B643'}",1,True,False,"{'miss': ""<span style='color: #4C4FE1'><b>Player B</b></span>"", 'hit': ""<span style='color: #53BA42'><b>Player G</b></span>"", 'neutral': ""<span style='color: #E3B643'><b>Player Y</b></span>""}",False,False,27
giveaway,12,0,background,18,1,"{'miss': '#E3B643', 'hit': '#4C4FE1', 'neutral': '#53BA42'}",0,True,False,"{'miss': ""<span style='color: #E3B643'><b>Player Y</b></span>"", 'hit': ""<span style='color: #4C4FE1'><b>Player B</b></span>"", 'neutral': ""<span style='color: #53BA42'><b>Player G</b></span>""}",False,False,28
giveaway,12,0,background,4,0,"{'miss': '#53BA42', 'hit': '#E3B643', 'neutral': '#4C4FE1'}",2,True,False,"{'miss': ""<span style='color: #53BA42'><b>Player G</b></span>"", 'hit': ""<span style='color: #E3B643'><b>Player Y</b></span>"", 'neutral': ""<span style='color: #4C4FE1'><b>Player B</b></span>""}",False,False,29
giveaway,12,0,background,15,1,"{'miss': '#4C4FE1', 'hit': '#53BA42', 'neutral': '#E3B643'}",1,True,False,"{'miss': ""<span style='color: #4C4FE1'><b>Player B</b></span>"", 'hit': ""<span style='color: #53BA42'><b>Player G</b></span>"", 'neutral': ""<span style='color: #E3B643'><b>Player Y</b></span>""}",True,False,30
giveaway,12,0,background,12,1,"{'miss': '#E3B643', 'hit': '#4C4FE1', 'neutral': '#53BA42'}",0,True,False,"{'miss': ""<span style='color: #E3B643'><b>Player Y</b></span>"", 'hit': ""<span style='color: #4C4FE1'><b>Player B</b></span>"", 'neutral': ""<span style='color: #53BA42'><b>Player G</b></span>""}",False,False,31
giveaway,12,0,background,3,0,"{'miss': '#4C4FE1', 'hit': '#53BA42', 'neutral': '#E3B643'}",1,True,False,"{'miss': ""<span style='color: #4C4FE1'><b>Player B</b></span>"", 'hit': ""<span style='color: #53BA42'><b>Player G</b></span>"", 'neutral': ""<span style='color: #E3B643'><b>Player Y</b></span>""}",True,False,32
giveaway,12,0,background,10,0,"{'miss': '#53BA42', 'hit': '#E3B643', 'neutral': '#4C4FE1'}",2,True,False,"{'miss': ""<span style='color: #53BA42'><b>Player G</b></span>"", 'hit': ""<span style='color: #E3B643'><b>Player Y</b></span>"", 'neutral': ""<span style='color: #4C4FE1'><b>Player B</b></span>""}",False,False,33
giveaway,12,0,background,16,1,"{'miss': '#53BA42', 'hit': '#E3B643', 'neutral': '#4C4FE1'}",2,True,False,"{'miss': ""<span style='color: #53BA42'><b>Player G</b></span>"", 'hit': ""<span style='color: #E3B643'><b>Player Y</b></span>"", 'neutral': ""<span style='color: #4C4FE1'><b>Player B</b></span>""}",False,False,34
giveaway,12,0,background,9,0,"{'miss': '#4C4FE1', 'hit': '#53BA42', 'neutral': '#E3B643'}",1,True,False,"{'miss': ""<span style='color: #4C4FE1'><b>Player B</b></span>"", 'hit': ""<span style='color: #53BA42'><b>Player G</b></span>"", 'neutral': ""<span style='color: #E3B643'><b>Player Y</b></span>""}",True,False,35
giveaway,12,0,background,1,0,"{'miss': '#E3B643', 'hit': '#4C4FE1', 'neutral': '#53BA42'}",0,True,False,"{'miss': ""<span style='color: #E3B643'><b>Player Y</b></span>"", 'hit': ""<span style='color: #4C4FE1'><b>Player B</b></span>"", 'neutral': ""<span style='color: #53BA42'><b>Player G</b></span>""}",True,False,36
giveaway,12,0,background,0,0,"{'miss': '#E3B643', 'hit': '#4C4FE1', 'neutral': '#53BA42'}",0,True,False,"{'miss': ""<span style='color: #E3B643'><b>Player Y</b></span>"", 'hit': ""<span style='color: #4C4FE1'><b>Player B</b></span>"", 'neutral': ""<span style='color: #53BA42'><b>Player G</b></span>""}",False,False,37
giveaway,12,0,background,6,0,"{'miss': '#E3B643', 'hit': '#4C4FE1', 'neutral': '#53BA42'}",0,True,False,"{'miss': ""<span style='color: #E3B643'><b>Player Y</b></span>"", 'hit': ""<span style='color: #4C4FE1'><b>Player B</b></span>"", 'neutral': ""<span style='color: #53BA42'><b>Player G</b></span>""}",False,False,38
giveaway,12,0,background,23,1,"{'miss': '#53BA42', 'hit': '#E3B643', 'neutral': '#4C4FE1'}",2,True,False,"{'miss': ""<span style='color: #53BA42'><b>Player G</b></span>"", 'hit': ""<span style='color: #E3B643'><b>Player Y</b></span>"", 'neutral': ""<span style='color: #4C4FE1'><b>Player B</b></span>""}",True,False,39
giveaway,12,0,background,21,1,"{'miss': '#4C4FE1', 'hit': '#53BA42', 'neutral': '#E3B643'}",1,True,False,"{'miss': ""<span style='color: #4C4FE1'><b>Player B</b></span>"", 'hit': ""<span style='color: #53BA42'><b>Player G</b></span>"", 'neutral': ""<span style='color: #E3B643'><b>Player Y</b></span>""}",True,False,40
giveaway,12,0,background,9,0,"{'miss': '#4C4FE1', 'hit': '#53BA42', 'neutral': '#E3B643'}",1,True,False,"{'miss': ""<span style='color: #4C4FE1'><b>Player B</b></span>"", 'hit': ""<span style='color: #53BA42'><b>Player G</b></span>"", 'neutral': ""<span style='color: #E3B643'><b>Player Y</b></span>""}",True,False,41
giveaway,12,0,background,17,1,"{'miss': '#53BA42', 'hit': '#E3B643', 'neutral': '#4C4FE1'}",2,True,False,"{'miss': ""<span style='color: #53BA42'><b>Player G</b></span>"", 'hit': ""<span style='color: #E3B643'><b>Player Y</b></span>"", 'neutral': ""<span style='color: #4C4FE1'><b>Player B</b></span>""}",True,False,42
giveaway,12,0,background,10,0,"{'miss': '#53BA42', 'hit': '#E3B643', 'neutral': '#4C4FE1'}",2,True,False,"{'miss': ""<span style='color: #53BA42'><b>Player G</b></span>"", 'hit': ""<span style='color: #E3B643'><b>Player Y</b></span>"", 'neutral': ""<span style='color: #4C4FE1'><b>Player B</b></span>""}",False,False,43
giveaway,12,0,background,8,0,"{'miss': '#4C4FE1', 'hit': '#53BA42', 'neutral': '#E3B643'}",1,True,False,"{'miss': ""<span style='color: #4C4FE1'><b>Player B</b></span>"", 'hit': ""<span style='color: #53BA42'><b>Player G</b></span>"", 'neutral': ""<span style='color: #E3B643'><b>Player Y</b></span>""}",False,False,44
giveaway,12,0,background,18,1,"{'miss': '#E3B643', 'hit': '#4C4FE1', 'neutral': '#53BA42'}",0,True,False,"{'miss': ""<span style='color: #E3B643'><b>Player Y</b></span>"", 'hit': ""<span style='color: #4C4FE1'><b>Player B</b></span>"", 'neutral': ""<span style='color: #53BA42'><b>Player G</b></span>""}",False,False,45
giveaway,12,0,background,21,1,"{'miss': '#4C4FE1', 'hit': '#53BA42', 'neutral': '#E3B643'}",1,True,False,"{'miss': ""<span style='color: #4C4FE1'><b>Player B</b></span>"", 'hit': ""<span style='color: #53BA42'><b>Player G</b></span>"", 'neutral': ""<span style='color: #E3B643'><b>Player Y</b></span>""}",True,False,46
giveaway,12,0,background,18,1,"{'miss': '#E3B643', 'hit': '#4C4FE1', 'neutral': '#53BA42'}",0,True,False,"{'miss': ""<span style='color: #E3B643'><b>Player Y</b></span>"", 'hit': ""<span style='color: #4C4FE1'><b>Player B</b></span>"", 'neutral': ""<span style='color: #53BA42'><b>Player G</b></span>""}",False,False,47
giveaway,12,0,background,7,0,"{'miss': '#E3B643', 'hit': '#4C4FE1', 'neutral': '#53BA42'}",0,True,False,"{'miss': ""<span style='color: #E3B643'><b>Player Y</b></span>"", 'hit': ""<span style='color: #4C4FE1'><b>Player B</b></span>"", 'neutral': ""<span style='color: #53BA42'><b>Player G</b></span>""}",True,False,48
giveaway,12,0,background,10,0,"{'miss': '#53BA42', 'hit': '#E3B643', 'neutral': '#4C4FE1'}",2,True,False,"{'miss': ""<span style='color: #53BA42'><b>Player G</b></span>"", 'hit': ""<span style='color: #E3B643'><b>Player Y</b></span>"", 'neutral': ""<span style='color: #4C4FE1'><b>Player B</b></span>""}",False,False,49
giveaway,12,0,background,20,1,"{'miss': '#4C4FE1', 'hit': '#53BA42', 'neutral': '#E3B643'}",1,True,False,"{'miss': ""<span style='color: #4C4FE1'><b>Player B</b></span>"", 'hit': ""<span style='color: #53BA42'><b>Player G</b></span>"", 'neutral': ""<span style='color: #E3B643'><b>Player Y</b></span>""}",False,False,50
giveaway,12,0,background,19,1,"{'miss': '#E3B643', 'hit': '#4C4FE1', 'neutral': '#53BA42'}",0,True,False,"{'miss': ""<span style='color: #E3B643'><b>Player Y</b></span>"", 'hit': ""<span style='color: #4C4FE1'><b>Player B</b></span>"", 'neutral': ""<span style='color: #53BA42'><b>Player G</b></span>""}",True,False,51
giveaway,12,0,background,9,0,"{'miss': '#4C4FE1', 'hit': '#53BA42', 'neutral': '#E3B643'}",1,True,False,"{'miss': ""<span style='color: #4C4FE1'><b>Player B</b></span>"", 'hit': ""<span style='color: #53BA42'><b>Player G</b></span>"", 'neutral': ""<span style='color: #E3B643'><b>Player Y</b></span>""}",True,False,52
giveaway,12,0,background,3,0,"{'miss': '#4C4FE1', 'hit': '#53BA42', 'neutral': '#E3B643'}",1,True,False,"{'miss': ""<span style='color: #4C4FE1'><b>Player B</b></span>"", 'hit': ""<span style='color: #53BA42'><b>Player G</b></span>"", 'neutral': ""<span style='color: #E3B643'><b>Player Y</b></span>""}",True,False,53
giveaway,12,0,background,12,1,"{'miss': '#E3B643', 'hit': '#4C4FE1', 'neutral': '#53BA42'}",0,True,False,"{'miss': ""<span style='color: #E3B643'><b>Player Y</b></span>"", 'hit': ""<span style='color: #4C4FE1'><b>Player B</b></span>"", 'neutral': ""<span style='color: #53BA42'><b>Player G</b></span>""}",False,False,54
giveaway,12,0,background,19,1,"{'miss': '#E3B643', 'hit': '#4C4FE1', 'neutral': '#53BA42'}",0,True,False,"{'miss': ""<span style='color: #E3B643'><b>Player Y</b></span>"", 'hit': ""<span style='color: #4C4FE1'><b>Player B</b></span>"", 'neutral': ""<span style='color: #53BA42'><b>Player G</b></span>""}",True,False,55
giveaway,12,0,background,17,1,"{'miss': '#53BA42', 'hit': '#E3B643', 'neutral': '#4C4FE1'}",2,True,False,"{'miss': ""<span style='color: #53BA42'><b>Player G</b></span>"", 'hit': ""<span style='color: #E3B643'><b>Player Y</b></span>"", 'neutral': ""<span style='color: #4C4FE1'><b>Player B</b></span>""}",True,False,56
giveaway,12,0,background,6,0,"{'miss': '#E3B643', 'hit': '#4C4FE1', 'neutral': '#53BA42'}",0,True,False,"{'miss': ""<span style='color: #E3B643'><b>Player Y</b></span>"", 'hit': ""<span style='color: #4C4FE1'><b>Player B</b></span>"", 'neutral': ""<span style='color: #53BA42'><b>Player G</b></span>""}",False,False,57
giveaway,12,0,background,20,1,"{'miss': '#4C4FE1', 'hit': '#53BA42', 'neutral': '#E3B643'}",1,True,False,"{'miss': ""<span style='color: #4C4FE1'><b>Player B</b></span>"", 'hit': ""<span style='color: #53BA42'><b>Player G</b></span>"", 'neutral': ""<span style='color: #E3B643'><b>Player Y</b></span>""}",False,False,58
giveaway,12,0,background,9,0,"{'miss': '#4C4FE1', 'hit': '#53BA42', 'neutral': '#E3B643'}",1,True,False,"{'miss': ""<span style='color: #4C4FE1'><b>Player B</b></span>"", 'hit': ""<span style='color: #53BA42'><b>Player G</b></span>"", 'neutral': ""<span style='color: #E3B643'><b>Player Y</b></span>""}",True,False,59
giveaway,12,0,background,22,1,"{'miss': '#53BA42', 'hit': '#E3B643', 'neutral': '#4C4FE1'}",2,True,False,"{'miss': ""<span style='color: #53BA42'><b>Player G</b></span>"", 'hit': ""<span style='color: #E3B643'><b>Player Y</b></span>"", 'neutral': ""<span style='color: #4C4FE1'><b>Player B</b></span>""}",False,False,60
giveaway,12,0,background,15,1,"{'miss': '#4C4FE1', 'hit': '#53BA42', 'neutral': '#E3B643'}",1,True,False,"{'miss': ""<span style='color: #4C4FE1'><b>Player B</b></span>"", 'hit': ""<span style='color: #53BA42'><b>Player G</b></span>"", 'neutral': ""<span style='color: #E3B643'><b>Player Y</b></span>""}",True,False,61
giveaway,12,0,background,3,0,"{'miss': '#4C4FE1', 'hit': '#53BA42', 'neutral': '#E3B643'}",1,True,False,"{'miss': ""<span style='color: #4C4FE1'><b>Player B</b></span>"", 'hit': ""<span style='color: #53BA42'><b>Player G</b></span>"", 'neutral': ""<span style='color: #E3B643'><b>Player Y</b></span>""}",True,False,62
giveaway,12,0,background,14,1,"{'miss': '#4C4FE1', 'hit': '#53BA42', 'neutral': '#E3B643'}",1,True,False,"{'miss': ""<span style='color: #4C4FE1'><b>Player B</b></span>"", 'hit': ""<span style='color: #53BA42'><b>Player G</b></span>"", 'neutral': ""<span style='color: #E3B643'><b>Player Y</b></span>""}",False,False,63
giveaway,12,0,background,2,0,"{'miss': '#4C4FE1', 'hit': '#53BA42', 'neutral': '#E3B643'}",1,True,False,"{'miss': ""<span style='color: #4C4FE1'><b>Player B</b></span>"", 'hit': ""<span style='color: #53BA42'><b>Player G</b></span>"", 'neutral': ""<span style='color: #E3B643'><b>Player Y</b></span>""}",False,False,64
giveaway,12,0,background,4,0,"{'miss': '#53BA42', 'hit': '#E3B643', 'neutral': '#4C4FE1'}",2,True,False,"{'miss': ""<span style='color: #53BA42'><b>Player G</b></span>"", 'hit': ""<span style='color: #E3B643'><b>Player Y</b></span>"", 'neutral': ""<span style='color: #4C4FE1'><b>Player B</b></span>""}",False,False,65
giveaway,12,0,background,1,0,"{'miss': '#E3B643', 'hit': '#4C4FE1', 'neutral': '#53BA42'}",0,True,False,"{'miss': ""<span style='color: #E3B643'><b>Player Y</b></span>"", 'hit': ""<span style='color: #4C4FE1'><b>Player B</b></span>"", 'neutral': ""<span style='color: #53BA42'><b>Player G</b></span>""}",True,False,66
giveaway,12,0,background,23,1,"{'miss': '#53BA42', 'hit': '#E3B643', 'neutral': '#4C4FE1'}",2,True,False,"{'miss': ""<span style='color: #53BA42'><b>Player G</b></span>"", 'hit': ""<span style='color: #E3B643'><b>Player Y</b></span>"", 'neutral': ""<span style='color: #4C4FE1'><b>Player B</b></span>""}",True,False,67
giveaway,12,0,background,22,1,"{'miss': '#53BA42', 'hit': '#E3B643', 'neutral': '#4C4FE1'}",2,True,False,"{'miss': ""<span style='color: #53BA42'><b>Player G</b></span>"", 'hit': ""<span style='color: #E3B643'><b>Player Y</b></span>"", 'neutral': ""<span style='color: #4C4FE1'><b>Player B</b></span>""}",False,False,68
giveaway,12,0,background,20,1,"{'miss': '#4C4FE1', 'hit': '#53BA42', 'neutral': '#E3B643'}",1,True,False,"{'miss': ""<span style='color: #4C4FE1'><b>Player B</b></span>"", 'hit': ""<span style='color: #53BA42'><b>Player G</b></span>"", 'neutral': ""<span style='color: #E3B643'><b>Player Y</b></span>""}",False,False,69
giveaway,12,0,background,12,1,"{'miss': '#E3B643', 'hit': '#4C4FE1', 'neutral': '#53BA42'}",0,True,False,"{'miss': ""<span style='color: #E3B643'><b>Player Y</b></span>"", 'hit': ""<span style='color: #4C4FE1'><b>Player B</b></span>"", 'neutral': ""<span style='color: #53BA42'><b>Player G</b></span>""}",False,False,70
giveaway,12,0,background,2,0,"{'miss': '#4C4FE1', 'hit': '#53BA42', 'neutral': '#E3B643'}",1,True,False,"{'miss': ""<span style='color: #4C4FE1'><b>Player B</b></span>"", 'hit': ""<span style='color: #53BA42'><b>Player G</b></span>"", 'neutral': ""<span style='color: #E3B643'><b>Player Y</b></span>""}",False,False,71
giveaway,12,0,background,0,0,"{'miss': '#E3B643', 'hit': '#4C4FE1', 'neutral': '#53BA42'}",0,True,False,"{'miss': ""<span style='color: #E3B643'><b>Player Y</b></span>"", 'hit': ""<span style='color: #4C4FE1'><b>Player B</b></span>"", 'neutral': ""<span style='color: #53BA42'><b>Player G</b></span>""}",False,False,72
giveaway,12,0,background,23,1,"{'miss': '#53BA42', 'hit': '#E3B643', 'neutral': '#4C4FE1'}",2,True,False,"{'miss': ""<span style='color: #53BA42'><b>Player G</b></span>"", 'hit': ""<span style='color: #E3B643'><b>Player Y</b></span>"", 'neutral': ""<span style='color: #4C4FE1'><b>Player B</b></span>""}",True,False,73
giveaway,12,0,background,5,0,"{'miss': '#53BA42', 'hit': '#E3B643', 'neutral': '#4C4FE1'}",2,True,False,"{'miss': ""<span style='color: #53BA42'><b>Player G</b></span>"", 'hit': ""<span style='color: #E3B643'><b>Player Y</b></span>"", 'neutral': ""<span style='color: #4C4FE1'><b>Player B</b></span>""}",True,False,74
giveaway,12,0,background,15,1,"{'miss': '#4C4FE1', 'hit': '#53BA42', 'neutral': '#E3B643'}",1,True,False,"{'miss': ""<span style='color: #4C4FE1'><b>Player B</b></span>"", 'hit': ""<span style='color: #53BA42'><b>Player G</b></span>"", 'neutral': ""<span style='color: #E3B643'><b>Player Y</b></span>""}",True,False,75
giveaway,12,0,background,0,0,"{'miss': '#E3B643', 'hit': '#4C4FE1', 'neutral': '#53BA42'}",0,True,False,"{'miss': ""<span style='color: #E3B643'><b>Player Y</b></span>"", 'hit': ""<span style='color: #4C4FE1'><b>Player B</b></span>"", 'neutral': ""<span style='color: #53BA42'><b>Player G</b></span>""}",False,False,76
giveaway,12,0,background,14,1,"{'miss': '#4C4FE1', 'hit': '#53BA42', 'neutral': '#E3B643'}",1,True,False,"{'miss': ""<span style='color: #4C4FE1'><b>Player B</b></span>"", 'hit': ""<span style='color: #53BA42'><b>Player G</b></span>"", 'neutral': ""<span style='color: #E3B643'><b>Player Y</b></span>""}",False,False,77
giveaway,12,0,background,2,0,"{'miss': '#4C4FE1', 'hit': '#53BA42', 'neutral': '#E3B643'}",1,True,False,"{'miss': ""<span style='color: #4C4FE1'><b>Player B</b></span>"", 'hit': ""<span style='color: #53BA42'><b>Player G</b></span>"", 'neutral': ""<span style='color: #E3B643'><b>Player Y</b></span>""}",False,False,78
giveaway,12,0,background,16,1,"{'miss': '#53BA42', 'hit': '#E3B643', 'neutral': '#4C4FE1'}",2,True,False,"{'miss': ""<span style='color: #53BA42'><b>Player G</b></span>"", 'hit': ""<span style='color: #E3B643'><b>Player Y</b></span>"", 'neutral': ""<span style='color: #4C4FE1'><b>Player B</b></span>""}",False,False,79
giveaway,12,0,background,9,0,"{'miss': '#4C4FE1', 'hit': '#53BA42', 'neutral': '#E3B643'}",1,True,False,"{'miss': ""<span style='color: #4C4FE1'><b>Player B</b></span>"", 'hit': ""<span style='color: #53BA42'><b>Player G</b></span>"", 'neutral': ""<span style='color: #E3B643'><b>Player Y</b></span>""}",True,False,80
giveaway,12,0,background,18,1,"{'miss': '#E3B643', 'hit': '#4C4FE1', 'neutral': '#53BA42'}",0,True,False,"{'miss': ""<span style='color: #E3B643'><b>Player Y</b></span>"", 'hit': ""<span style='color: #4C4FE1'><b>Player B</b></span>"", 'neutral': ""<span style='color: #53BA42'><b>Player G</b></span>""}",False,False,81
giveaway,12,0,background,9,0,"{'miss': '#4C4FE1', 'hit': '#53BA42', 'neutral': '#E3B643'}",1,True,False,"{'miss': ""<span style='color: #4C4FE1'><b>Player B</b></span>"", 'hit': ""<span style='color: #53BA42'><b>Player G</b></span>"", 'neutral': ""<span style='color: #E3B643'><b>Player Y</b></span>""}",True,False,82
giveaway,12,0,background,13,1,"{'miss': '#E3B643', 'hit': '#4C4FE1', 'neutral': '#53BA42'}",0,True,False,"{'miss': ""<span style='color: #E3B643'><b>Player Y</b></span>"", 'hit': ""<span style='color: #4C4FE1'><b>Player B</b></span>"", 'neutral': ""<span style='color: #53BA42'><b>Player G</b></span>""}",True,False,83
giveaway,12,0,background,3,0,"{'miss': '#4C4FE1', 'hit': '#53BA42', 'neutral': '#E3B643'}",1,True,False,"{'miss': ""<span style='color: #4C4FE1'><b>Player B</b></span>"", 'hit': ""<span style='color: #53BA42'><b>Player G</b></span>"", 'neutral': ""<span style='color: #E3B643'><b>Player Y</b></span>""}",True,False,84
giveaway,12,0,background,20,1,"{'miss': '#4C4FE1', 'hit': '#53BA42', 'neutral': '#E3B643'}",1,True,False,"{'miss': ""<span style='color: #4C4FE1'><b>Player B</b></span>"", 'hit': ""<span style='color: #53BA42'><b>Player G</b></span>"", 'neutral': ""<span style='color: #E3B643'><b>Player Y</b></span>""}",False,False,85
giveaway,12,0,background,21,1,"{'miss': '#4C4FE1', 'hit': '#53BA42', 'neutral': '#E3B643'}",1,True,False,"{'miss': ""<span style='color: #4C4FE1'><b>Player B</b></span>"", 'hit': ""<span style='color: #53BA42'><b>Player G</b></span>"", 'neutral': ""<span style='color: #E3B643'><b>Player Y</b></span>""}",True,False,86
giveaway,12,0,background,14,1,"{'miss': '#4C4FE1', 'hit': '#53BA42', 'neutral': '#E3B643'}",1,True,False,"{'miss': ""<span style='color: #4C4FE1'><b>Player B</b></span>"", 'hit': ""<span style='color: #53BA42'><b>Player G</b></span>"", 'neutral': ""<span style='color: #E3B643'><b>Player Y</b></span>""}",False,False,87
giveaway,12,0,background,14,1,"{'miss': '#4C4FE1', 'hit': '#53BA42', 'neutral': '#E3B643'}",1,True,False,"{'miss': ""<span style='color: #4C4FE1'><b>Player B</b></span>"", 'hit': ""<span style='color: #53BA42'><b>Player G</b></span>"", 'neutral': ""<span style='color: #E3B643'><b>Player Y</b></span>""}",False,False,88
giveaway,12,0,background,21,1,"{'miss': '#4C4FE1', 'hit': '#53BA42', 'neutral': '#E3B643'}",1,True,False,"{'miss': ""<span style='color: #4C4FE1'><b>Player B</b></span>"", 'hit': ""<span style='color: #53BA42'><b>Player G</b></span>"", 'neutral': ""<span style='color: #E3B643'><b>Player Y</b></span>""}",True,False,89
giveaway,12,0,background,8,0,"{'miss': '#4C4FE1', 'hit': '#53BA42', 'neutral': '#E3B643'}",1,True,False,"{'miss': ""<span style='color: #4C4FE1'><b>Player B</b></span>"", 'hit': ""<span style='color: #53BA42'><b>Player G</b></span>"", 'neutral': ""<span style='color: #E3B643'><b>Player Y</b></span>""}",False,False,90
giveaway,12,0,background,6,0,"{'miss': '#E3B643', 'hit': '#4C4FE1', 'neutral': '#53BA42'}",0,True,False,"{'miss': ""<span style='color: #E3B643'><b>Player Y</b></span>"", 'hit': ""<span style='color: #4C4FE1'><b>Player B</b></span>"", 'neutral': ""<span style='color: #53BA42'><b>Player G</b></span>""}",False,False,91
giveaway,12,0,background,12,1,"{'miss': '#E3B643', 'hit': '#4C4FE1', 'neutral': '#53BA42'}",0,True,False,"{'miss': ""<span style='color: #E3B643'><b>Player Y</b></span>"", 'hit': ""<span style='color: #4C4FE1'><b>Player B</b></span>"", 'neutral': ""<span style='color: #53BA42'><b>Player G</b></span>""}",False,False,92
giveaway,12,0,background,11,0,"{'miss': '#53BA42', 'hit': '#E3B643', 'neutral': '#4C4FE1'}",2,True,False,"{'miss': ""<span style='color: #53BA42'><b>Player G</b></span>"", 'hit': ""<span style='color: #E3B643'><b>Player Y</b></span>"", 'neutral': ""<span style='color: #4C4FE1'><b>Player B</b></span>""}",True,False,93
giveaway,12,0,background,19,1,"{'miss': '#E3B643', 'hit': '#4C4FE1', 'neutral': '#53BA42'}",0,True,False,"{'miss': ""<span style='color: #E3B643'><b>Player Y</b></span>"", 'hit': ""<span style='color: #4C4FE1'><b>Player B</b></span>"", 'neutral': ""<span style='color: #53BA42'><b>Player G</b></span>""}",True,False,94
giveaway,12,0,background,0,0,"{'miss': '#E3B643', 'hit': '#4C4FE1', 'neutral': '#53BA42'}",0,True,False,"{'miss': ""<span style='color: #E3B643'><b>Player Y</b></span>"", 'hit': ""<span style='color: #4C4FE1'><b>Player B</b></span>"", 'neutral': ""<span style='color: #53BA42'><b>Player G</b></span>""}",False,False,95
giveaway,12,0,background,13,1,"{'miss': '#E3B643', 'hit': '#4C4FE1', 'neutral': '#53BA42'}",0,True,False,"{'miss': ""<span style='color: #E3B643'><b>Player Y</b></span>"", 'hit': ""<span style='color: #4C4FE1'><b>Player B</b></span>"", 'neutral': ""<span style='color: #53BA42'><b>Player G</b></span>""}",True,False,96
giveaway,12,0,background,4,0,"{'miss': '#53BA42', 'hit': '#E3B643', 'neutral': '#4C4FE1'}",2,True,False,"{'miss': ""<span style='color: #53BA42'><b>Player G</b></span>"", 'hit': ""<span style='color: #E3B643'><b>Player Y</b></span>"", 'neutral': ""<span style='color: #4C4FE1'><b>Player B</b></span>""}",False,False,97
giveaway,12,0,background,6,0,"{'miss': '#E3B643', 'hit': '#4C4FE1', 'neutral': '#53BA42'}",0,True,False,"{'miss': ""<span style='color: #E3B643'><b>Player Y</b></span>"", 'hit': ""<span style='color: #4C4FE1'><b>Player B</b></span>"", 'neutral': ""<span style='color: #53BA42'><b>Player G</b></span>""}",False,False,98
giveaway,12,0,background,2,0,"{'miss': '#4C4FE1', 'hit': '#53BA42', 'neutral': '#E3B643'}",1,True,False,"{'miss': ""<span style='color: #4C4FE1'><b>Player B</b></span>"", 'hit': ""<span style='color: #53BA42'><b>Player G</b></span>"", 'neutral': ""<span style='color: #E3B643'><b>Player Y</b></span>""}",False,False,99
giveaway,12,0,background,18,1,"{'miss': '#E3B643', 'hit': '#4C4FE1', 'neutral': '#53BA42'}",0,True,False,"{'miss': ""<span style='color: #E3B643'><b>Player Y</b></span>"", 'hit': ""<span style='color: #4C4FE1'><b>Player B</b></span>"", 'neutral': ""<span style='color: #53BA42'><b>Player G</b></span>""}",False,False,100
giveaway,12,0,background,16,1,"{'miss': '#53BA42', 'hit': '#E3B643', 'neutral': '#4C4FE1'}",2,True,False,"{'miss': ""<span style='color: #53BA42'><b>Player G</b></span>"", 'hit': ""<span style='color: #E3B643'><b>Player Y</b></span>"", 'neutral': ""<span style='color: #4C4FE1'><b>Player B</b></span>""}",False,False,101
giveaway,12,0,background,19,1,"{'miss': '#E3B643', 'hit': '#4C4FE1', 'neutral': '#53BA42'}",0,True,False,"{'miss': ""<span style='color: #E3B643'><b>Player Y</b></span>"", 'hit': ""<span style='color: #4C4FE1'><b>Player B</b></span>"", 'neutral': ""<span style='color: #53BA42'><b>Player G</b></span>""}",True,False,102
giveaway,12,0,background,23,1,"{'miss': '#53BA42', 'hit': '#E3B643', 'neutral': '#4C4FE1'}",2,True,False,"{'miss': ""<span style='color: #53BA42'><b>Player G</b></span>"", 'hit': ""<span style='color: #E3B643'><b>Player Y</b></span>"", 'neutral': ""<span style='color: #4C4FE1'><b>Player B</b></span>""}",True,False,103
giveaway,12,0,background,19,1,"{'miss': '#E3B643', 'hit': '#4C4FE1', 'neutral': '#53BA42'}",0,True,False,"{'miss': ""<span style='color: #E3B643'><b>Player Y</b></span>"", 'hit': ""<span style='color: #4C4FE1'><b>Player B</b></span>"", 'neutral': ""<span style='color: #53BA42'><b>Player G</b></span>""}",True,False,104
giveaway,12,0,background,21,1,"{'miss': '#4C4FE1', 'hit': '#53BA42', 'neutral': '#E3B643'}",1,True,False,"{'miss': ""<span style='color: #4C4FE1'><b>Player B</b></span>"", 'hit': ""<span style='color: #53BA42'><b>Player G</b></span>"", 'neutral': ""<span style='color: #E3B643'><b>Player Y</b></span>""}",True,False,105
giveaway,12,0,background,4,0,"{'miss': '#53BA42', 'hit': '#E3B643', 'neutral': '#4C4FE1'}",2,True,False,"{'miss': ""<span style='color: #53BA42'><b>Player G</b></span>"", 'hit': ""<span style='color: #E3B643'><b>Player Y</b></span>"", 'neutral': ""<span style='color: #4C4FE1'><b>Player B</b></span>""}",False,False,106
giveaway,12,0,background,12,1,"{'miss': '#E3B643', 'hit': '#4C4FE1', 'neutral': '#53BA42'}",0,True,False,"{'miss': ""<span style='color: #E3B643'><b>Player Y</b></span>"", 'hit': ""<span style='color: #4C4FE1'><b>Player B</b></span>"", 'neutral': ""<span style='color: #53BA42'><b>Player G</b></span>""}",False,False,107
giveaway,12,0,background,5,0,"{'miss': '#53BA42', 'hit': '#E3B643', 'neutral': '#4C4FE1'}",2,True,False,"{'miss': ""<span style='color: #53BA42'><b>Player G</b></span>"", 'hit': ""<span style='color: #E3B643'><b>Player Y</b></span>"", 'neutral': ""<span style='color: #4C4FE1'><b>Player B</b></span>""}",True,False,108
giveaway,12,0,background,3,0,"{'miss': '#4C4FE1', 'hit': '#53BA42', 'neutral': '#E3B643'}",1,True,False,"{'miss': ""<span style='color: #4C4FE1'><b>Player B</b></span>"", 'hit': ""<span style='color: #53BA42'><b>Player G</b></span>"", 'neutral': ""<span style='color: #E3B643'><b>Player Y</b></span>""}",True,False,109
giveaway,12,0,background,1,0,"{'miss': '#E3B643', 'hit': '#4C4FE1', 'neutral': '#53BA42'}",0,True,False,"{'miss': ""<span style='color: #E3B643'><b>Player Y</b></span>"", 'hit': ""<span style='color: #4C4FE1'><b>Player B</b></span>"", 'neutral': ""<span style='color: #53BA42'><b>Player G</b></span>""}",True,False,110
giveaway,12,0,background,2,0,"{'miss': '#4C4FE1', 'hit': '#53BA42', 'neutral': '#E3B643'}",1,True,False,"{'miss': ""<span style='color: #4C4FE1'><b>Player B</b></span>"", 'hit': ""<span style='color: #53BA42'><b>Player G</b></span>"", 'neutral': ""<span style='color: #E3B643'><b>Player Y</b></span>""}",False,False,111
giveaway,12,0,background,6,0,"{'miss': '#E3B643', 'hit': '#4C4FE1', 'neutral': '#53BA42'}",0,True,False,"{'miss': ""<span style='color: #E3B643'><b>Player Y</b></span>"", 'hit': ""<span style='color: #4C4FE1'><b>Player B</b></span>"", 'neutral': ""<span style='color: #53BA42'><b>Player G</b></span>""}",False,False,112
giveaway,12,0,background,15,1,"{'miss': '#4C4FE1', 'hit': '#53BA42', 'neutral': '#E3B643'}",1,True,False,"{'miss': ""<span style='color: #4C4FE1'><b>Player B</b></span>"", 'hit': ""<span style='color: #53BA42'><b>Player G</b></span>"", 'neutral': ""<span style='color: #E3B643'><b>Player Y</b></span>""}",True,False,113
giveaway,12,0,background,8,0,"{'miss': '#4C4FE1', 'hit': '#53BA42', 'neutral': '#E3B643'}",1,True,False,"{'miss': ""<span style='color: #4C4FE1'><b>Player B</b></span>"", 'hit': ""<span style='color: #53BA42'><b>Player G</b></span>"", 'neutral': ""<span style='color: #E3B643'><b>Player Y</b></span>""}",False,False,114
giveaway,12,0,background,8,0,"{'miss': '#4C4FE1', 'hit': '#53BA42', 'neutral': '#E3B643'}",1,True,False,"{'miss': ""<span style='color: #4C4FE1'><b>Player B</b></span>"", 'hit': ""<span style='color: #53BA42'><b>Player G</b></span>"", 'neutral': ""<span style='color: #E3B643'><b>Player Y</b></span>""}",False,False,115
giveaway,12,0,background,1,0,"{'miss': '#E3B643', 'hit': '#4C4FE1', 'neutral': '#53BA42'}",0,True,False,"{'miss': ""<span style='color: #E3B643'><b>Player Y</b></span>"", 'hit': ""<span style='color: #4C4FE1'><b>Player B</b></span>"", 'neutral': ""<span style='color: #53BA42'><b>Player G</b></span>""}",True,False,116
giveaway,12,0,background,5,0,"{'miss': '#53BA42', 'hit': '#E3B643', 'neutral': '#4C4FE1'}",2,True,False,"{'miss': ""<span style='color: #53BA42'><b>Player G</b></span>"", 'hit': ""<span style='color: #E3B643'><b>Player Y</b></span>"", 'neutral': ""<span style='color: #4C4FE1'><b>Player B</b></span>""}",True,False,117
giveaway,12,0,background,22,1,"{'miss': '#53BA42', 'hit': '#E3B643', 'neutral': '#4C4FE1'}",2,True,False,"{'miss': ""<span style='color: #53BA42'><b>Player G</b></span>"", 'hit': ""<span style='color: #E3B643'><b>Player Y</b></span>"", 'neutral': ""<span style='color: #4C4FE1'><b>Player B</b></span>""}",False,False,118
